entry,hashed_audio_file,pos,gloss_chinese,gloss_pinyin,category,note,cross_ref,root
ʔa vo55,3c61bf5902241c7c.wav,名詞,姨（比媽媽年長）,yi2,Kinship,,,
ʔa21 kuŋ55,,名詞,爺爺、外公,"ye2 ye2, wai4 gong1",Kinship,,,
ʔian24,45b72aa9909528a9.wav,形容詞,好吃,hao3 chi1,Adjectives & Verbs,[ʔien],,
ʔa21 ko55,73cba3f933b91162.wav,名詞,哥,ge1,Kinship,也作 ko24,,
ʔa21 nɛʔ55,4358b81c8c9f79e3.wav,名詞,（外）祖母,(wai4) zhu3 mu3,Kinship,,,
ʔek55,,動詞,拿,ti2; na2; gei3,Adjectives & Verbs,,,
ʔo33 nam21,51f5b4ebd2efd531.wav,動詞,喝水,he1 shui3,Adjectives & Verbs,,,
ʔo44,438ec7335fd62f2b.wav,動詞,喝,he1,Adjectives & Verbs,,,
ʔun24,,形容詞,（年紀）輕，約莫十來歲,qing,Adjectives & Verbs,,,
ʔɔt55,,數詞,一,yi1,Miscellaneous,,,
ʔa21 ɓaʔ55,,名詞,父親,fu4 qin1,Kinship,也作 Ɂa21 ɗɛ24,,
ʔa21 ɓeʔ55,ab9a560db34ae72d.wav,名詞,舅（比媽媽年長）,jiu4,Kinship,,,
ʔiŋ24,6bff4e619df76624.wav,動詞,賣,mai4,Adjectives & Verbs,,,
ʔot21,8cb1872ee1f67c9e.wav,名詞,粽子,cong4 zi,Food,,,
ʔɔu213,fd4585daa44fbdaf.wav,動詞,給、拿,gei3; na2,Adjectives & Verbs,,ʔek,
ʔɛk55,ad6a14258f50a878.wav,名詞,牛軛,niu2 e4,Material Culture,,,
ɓak21 ɗəu44,2a1d93b89abed56d.wav,名詞,門,men2,Material Culture,,,
hɔp33 ɗəu44,4878bb22030e4c87.wav,,關門,guan1 men2,,,,ɓak21 ɗəu44
khɔi213 ɗəu44,ef0dc0a384063e11.wav,,開門,qiao1 men2,,,,ɓak21 ɗəu44
khau213 ɗəu44,f2ad784ab77607b5.wav,,敲門,qiao1 men2,,,,ɓak21 ɗəu44
ɓat21 tɔp33,,數詞,八（十）,ba1,Miscellaneous,,,
ɓat55 tia44,7c3f7ce12570ce10.wav,名詞,茅草,mao2 cao3,Flora,,,
ɓeʔ55,2fa210c0351f0520.wav,名詞,伯,bo2,Kinship,,,
ɓɛi55 zan44,e2eced3e68d6aec8.wav,動詞,回家,hui2 jia1,Adjectives & Verbs,亦作 liŋ213 zan44,,
ɓian213,da367516bf6004d8.wav,動詞,買,mai3,Adjectives & Verbs,[ɓien],,
ɓa21,a58479de37f374eb.wav,名詞,雲,yun2,Nature,,,
ɓa213,,名詞,魚,yu2,Fauna,,,
ɓak21,bd3229872b8d3ac8.wav,名詞,嘴,zui3,Body Parts,,,
ɓan24 mɔ44,,名詞,手掌,shou3 zhang3,Body Parts,,,
ɓat55,b92ed99774b06d83.wav,名詞,草,cao3,Nature,,,
ɓaŋ213,ebde53a1082a1940.wav,形容詞,亮,liang4,Adjectives & Verbs,,,
ɓiaŋ213,c0a76c1811b55418.wav,形容詞,薄,bo2,Adjectives & Verbs,,,
ɓik55,98da3ad5753864b2.wav,名詞,翅膀,chi4 bang3,Fauna,,,
ɓik55,e0d49a48cf0d96d0.wav,方位詞,北,bei3,Directions,,,
ɓɔ44,5abada782c286c18.wav,名詞,葉,ye4,Flora,,,
ɓɔ44 vui44,,,地瓜葉,di4 gua1 ye4,,,,ɓɔ44
ɓɔ44 ɓun44,,,桑葉,sang1 ye4,,,,ɓɔ44
ɓe24 ʔot55,,,粽葉,zong4 ye4,,,,ɓɔ44
ɓɔn213,5a937178230c3790.wav,動詞,飛,fei1,Adjectives & Verbs,,,
ɓɔt55,c71bf01f8033add5.wav,名詞,鴨子,ya1 zi,Fauna,,,
ɓə44 na55,b2fddc734903ac3b.wav,代名詞,誰,shei2,Miscellaneous,,,
ɓɛi55,65c41ec28a6a6f74.wav,動詞,去,qu4,Adjectives & Verbs,,,
ɓɛi55,,動詞,走,zou3,Adjectives & Verbs,,,
ɓɛk55,,數詞,百,bai3,Miscellaneous,,,
ɓiʔ55,dd93a80ab6e28afb.wav,名詞,鱉、甲魚,be1; jia3 yu2,Fauna,,,
ɗau21 laŋ21(3),,名詞,黃蜂,huang2 feng1,Fauna,,,
ɗa(2)13 vɔn44,0fd44cb617e34d10.wav,動詞,太陽,tai4 yang2,Nature,never 213,,
ɗa213 hɔu44,,名詞,膝蓋,xi1 gai4,Body Parts,,,
ɗa213 mɔ44,407441aa319ea112.wav,名詞,手指關節,shou3 zhi3 guan1 jie2,Body Parts,眼睛+手,,
ɗe213 khəu55,d3ce42fbecb93a62.wav,名詞,舅（比媽媽年輕）,jiu4,Kinship,,,
ɗaʔ33,8ef0c3fdc3679d78.wav,形容詞,直,zhi2,Adjectives & Verbs,,,
ɗin24,9b4e2f8935b55a5e.wav,形容詞,淺,qian2,Adjectives & Verbs,,,
ɗom24,ab081dbdde6421bf.wav,形容詞,低、矮,ai3; di1,Adjectives & Verbs,,,
ɗa24 kom21,3dd1f8d2dbcccebf.wav,名詞,晚上,wan3 shang4,Time,,,
ɗa24 kom55,,名詞,深夜,shen1 ye4,Time,,,
ɗa24 tshɔu44,00acc0b029b59fe3.wav,名詞,下午,xia4 wu3,Time,,,
ɗai44 kun55,279289558ff65b61.wav,代名詞,咱們,zan2 men,Miscellaneous,,ɗəu,
ɗak21,,動詞,曬（衣服、穀子、花生）,shai4,Adjectives & Verbs,,,
ɗak21 kho24 zua24,,,曬衣服,,,,,ɗak21
ɗak55 muŋ21,,,曬稻草,,,,,ɗak21
ɗak33,fc33d14cb1a25d72.wav,名詞,繩索,sheng2 suo3,Material Culture,zau213 藤類植物編成的繩子（or地瓜藤）,,
ɗak33,9f91ebdc1c67617e.wav,動詞,洗（頭、衣服）,xi3,Adjectives & Verbs,,tuk,
ɗak33 hau24,9f91ebdc1c67617e.wav,,洗頭,xi3 tou2,,,,ɗak33
ɗak33 kho24 zua24,6f4f6d699e833df3.wav,,洗衣服,xi3 yi1 fu2,,,,ɗak33
ɗe213,cbba05796e312084.wav,名詞,丈夫,zhang4 fu1,Kinship,,,
ɗik55,93f90080adf22306.wav,形容詞,滿,man3,Adjectives & Verbs,,,
ɗin44,25d20321d6fa8fe5.wav,名詞,石頭,shi2 tou2,Nature,,,
ɗon213,511036738a04246e.wav,動詞,閹,yan1,Adjectives & Verbs,,,
kɛi213 ɗon213,511036738a04246e.wav,,閹雞,yan1 ji1,,,,ɗon213
ɗoŋ213,651d614041d793a8.wav,方位詞,東,dong1,Directions,,,
ɗuaŋ44,577235cd153df4d5.wav,名詞,臼,jiu4,Material Culture,,,
ɗuŋ33 lɔ44,0ea995cee09d1141.wav,名詞,鑼,lou2,Material Culture,,,
ɗɔm24,,動詞,倒（下） to fall down,dao3,Adjectives & Verbs,/hu21/為「一大片崩塌下來」；/ɗɔm24/乃「單件東西倒下來」,,
ɗɔn21 ɗa213,6b9c9de510c6d071.wav,名詞,眼,yan3,Body Parts,,,
ɗɔn213,9a84a8e19e73560b.wav,動詞,罵,ma4,Adjectives & Verbs,,,
ɗɔn24,995a2826d65932e1.wav,形容詞,短（距離、時間）,duan3,Adjectives & Verbs,,,
ɗɔu213,638580e6441e889e.wav,名詞,鼎、鍋,ding3; guo1,Material Culture,,,
ɗɔŋ24,,名詞,椅,yi3,Material Culture,,,
ɗɔŋ24,9cee508c5dbe2cd5.wav,名詞,長凳,chang2 deng4,Material Culture,,,
ɗɔŋ55 lɔu24,7519f537330f5535.wav,時間副詞,大後天,da4 ho4 tian1,Time,,,
ɗɔŋ55 zɔ44,7084954fae022109.wav,時間副詞,後天,ho4 tian1,Time,,,
ɗən44,40f4638498c1c1f9.wav,動詞,嘔吐(to vomit),tu4,Adjectives & Verbs,,,
ɗəu24,415c2142edc3abb1.wav,代名詞,我們1pl,wo3 men,Miscellaneous,,ɗai44 kun,
ɗɛ24,ef53c3e01f31f571.wav,名詞,叔叔,shu2 shu2,Kinship,,,
ɗɛk21,4e04ee5bbacb93d5.wav,動詞,織,zhi1,Adjectives & Verbs,,,
ɗot33 ɗɛk33,4e04ee5bbacb93d5.wav,,織布,zhi1 bu4,,,,ɗɛk21
ɗɔn24,2919c511b122ce88.wav,名詞,樹,shu4,Flora,,,
ɓun44,749ef593662cae42.wav,,桑樹,sang1 shu4,,,,ɗɔn24
mɛ213 ɗɔn24,,,爬樹,pa2 shu4,,,,ɗɔn24
ŋɛŋ24 ɗɔn24,1ae7ba92dfa1212e.wav,,樹枝,shu4 zhi1,,,,ɗɔn24
naŋ213 ɗɔn24,2279c0367e6f8205.wav,,樹皮,shu4 pi2,,,,ɗɔn24
hai213,450de80293d91fbc.wav,名詞,梳子,shu1 zi,Material Culture,,,
hak21 ɗoi24,c95db876e0d39ec2.wav,名詞,杵,chu3,Material Culture,,,
ham35,6b6e314a9f60c513.wav,動詞,抬,tai2,Adjectives & Verbs,,,
ham44,,動詞,含,han2,Adjectives & Verbs,,,
haŋ55 ʔik55,adb0d21f7e4cb40c.wav,方位詞,外面,wai4 mian4,Directions,,,
haŋ55 ɗau44,569413fb0016a6c1.wav,方位詞,下面,xia4,Directions,,,
haŋ55 lɔi44,0fcbbb0bbad58775.wav,方位詞,後,hou4,Directions,,,
haŋ55 zɔ21(3),fb8efec62aac3572.wav,方位詞,裡面,li3 mian4,Directions,,,
haŋ55 zuŋ213,,方位詞,上面,shang4 mian4,Directions,,,
hap33,ea7314cd038d8a42.wav,名詞,布,bu4,Material Culture,,,
hau21 kɛi213,,名詞,公雞,gong1 ji1,Fauna,,,
hau24,65b70c3a54a22d76.wav,名詞,頭,tou2,Body Parts,,,
hau24 mɔ44,bc5fa6c2fd5da55c.wav,名詞,大拇指,da4 mu3 zhi3,Body Parts,,,
haŋ213,2a365d6f814ad9e6.wav,形容詞,高,gao1,Adjectives & Verbs,,,
haŋ55 na24,d211978eacc410e1.wav,方位詞,前,qian2,Directions,,,
hik55,,動詞,蓋,kai4,Adjectives & Verbs,,,
hik55 zan44 ŋua21,,,蓋瓦房,gai4 wa3 fang2,,,,hik55
hi213,2db5101aa5919cc5.wav,名詞,市場,shi4 chang3,Material Culture,,,
ɓɛi55 hi213,29b9c2d1d4ef609b.wav,,去市場,qu4 shi4 chang3,,,,hi213
hiaŋ213,8905eb3a298bfc45.wav,形容詞,香,xiang1,Adjectives & Verbs,,,
hiu213,94d23371ead882a1.wav,形容詞,綠,lü4,Adjectives & Verbs,,,
hoŋ24,,動詞,送,song4,Adjectives & Verbs,,,
hoŋ44,f3d97b1b5755aa71.wav,形容詞,紅,hong2,Adjectives & Verbs,,,
hua213,,名詞,花,hua1,Flora,,,
hua24,aac11a98e31d02d2.wav,形容詞,酸,suan1,Adjectives & Verbs,,,
hui21,550650c61d3275a1.wav,名詞,碗,wan3,Material Culture,,,
huŋ44,0772fafab3326e60.wav,動詞,煮,zhu3,Adjectives & Verbs,,,
huŋ44 (nam21) tia21,0772fafab3326e60.wav,,煮（稀）飯,zhu3 xi1 fan4,,,,huŋ44
huŋ44 ŋai44,,,煮乾飯,zhu3 gan1 fan4,,,,huŋ44
hɔ44,6d7c254bda7ed95d.wav,動詞,抓to grab,zhua1,Adjectives & Verbs,,,
hɔ44 kɛi21(3),4d56b8e1c4bc0f4f.wav,,抓雞,zhua1 ji1,,,,hɔ44
hɔi213,06f5620a42291b81.wav,名詞,田螺,tian2 luo2,Fauna,,,
hɔi24,030d167af3e06d13.wav,名詞,海,hai3,Nature,,,
hɔm213,eb1cfd4c4e8115cc.wav,動詞,撿,jian3,Adjectives & Verbs,,,
hɔn21,,名詞,汗水,han4 shui3,Body Parts,,,
hɔn21,,名詞,穿山甲,chuan1 shan1 jia3,Fauna,,,
hɔp33 suaŋ213,77c595c436126443.wav,動詞,關窗,guan1 chuang1,Adjectives & Verbs,,,
hɔt33 han24,772d2835becbfda4.wav,名詞,蘑菇,mo2 gu1,Fauna,,,
hɛŋ21,,形容詞,安靜,an1 jing4,Adjectives & Verbs,tshɛʔ33 叫人安靜,,
hɛŋ24,,動詞,聽,ting1,Adjectives & Verbs,,,
hau24 mak33 tuan24,a54dca515db7048f.wav,名詞,蒜頭,suan4 tou2,Food,,,
hua213 mɔ44,5eea0d188f811398.wav,名詞,指紋,zhi3 wen2,Body Parts,,,
kat33,3a90a2e226e66c06.wav,動詞,綁,bang3,Adjectives & Verbs,,,
kap33,,動詞,啃,ken3,Adjectives & Verbs,,,
kap33,621ea3146fac8d46.wav,動詞,咬,yao3,Adjectives & Verbs,,,
nai21,19ff7ff8e745a7cc.wav,,嚼,,,,,kap33
kat55,c950940343bff3ff.wav,名詞,頭蝨,tou2 shi1,Fauna,,,
kau24,85ec9eddba3102a4.wav,形容詞,舊,jiu4,Adjectives & Verbs,,,
kau55,3518eb45bfa7b0d9.wav,名詞,姑姑（比爸爸年幼）,gu1 gu1,Kinship,,,
kaŋ24,ff4eb21fb1d23dc7.wav,動詞,說、講,shuo1; jiang3,Adjectives & Verbs,,,
kaŋ24 khɛk55,67982b2223556a9f.wav,名詞,海南話,hai3 nan2 hua4,Miscellaneous,意同「講客」,,
kaŋ24 vɔ24,7ed75be89c51d498.wav,名詞,長流話,chang2 liu2 hua4,Miscellaneous,意同「講村（話）」,,
keʔ55,3e9e0343b4afa0cf.wav,動詞,解開、脫,jie3 kai1; tuo1,Adjectives & Verbs,,,
kiaŋ213,9ef0465410bfe9ae.wav,名詞,薑,jiang1,Flora,,,
kit55,,動詞,打,da3,Adjectives & Verbs,,,
kit55 kɔn44,,,打架,da3 jia4,,,,kit55
kiŋ24 hit33 tam213,27bd2325cdfefd2e.wav,名詞,中指,chong1 zhi3,Body Parts,,,
kiŋ24 hit33 ŋɛi21,74d1e3ccd30940f8.wav,名詞,食指,shi2 zhi3,Body Parts,,,
kiŋ24 mɔ44,6d34b05db747ec1f.wav,名詞,手指,shou3 zhi3,Body Parts,,,
kiu44,,名詞,月,yue4,Nature,,,
kok55,6d0b888317287b28.wav,名詞,腳,jiao3,Body Parts,,,
koʔ33,15bcedb2e557b732.wav,形容詞,臭,chou4,Adjectives & Verbs,,,
ku24 tɔp33,,數詞,九十,jiu3 shi2,Miscellaneous,,,
kuak55,a0e46e287431b3c2.wav,名詞,鋤頭,chu2 tou2,Material Culture,,,
kui213,234a831c8a07d6bf.wav,名詞,龜,gui1,Fauna,,,
kum44,14c62592b0e1b608.wav,形容詞,飽,bao3,Adjectives & Verbs,,,
kuŋ55 tsho24,404dc5b295d78582.wav,名詞,曾祖父、外曾祖父,zeng1 zu3 fu4; wai4 zeng1 zu3 fu4,Kinship,,,
kɔm44,bba36823b97b54df.wav,動詞,癢,yang3,Adjectives & Verbs,,,
kɔn213,993cbf807b4d4b92.wav,動詞,吃,chi1,Food,,,
kɔn213-33 ŋai44,6aa4c6519533fb96.wav,,吃乾飯,ch1 gan1 fan4,,,,kɔn213
kɔn213-33 nam21 tia21,6f50623ebdac1937.wav,,吃稀飯,ch1 xi1 fan4,,,,kɔn213
kɔn213 ɓak33,4d27516339291057.wav,動詞,吃中飯,chi1 zhong1 fan1,Food,,,
kɔn213 ɓak33,737e447b536f1d41.wav,名詞,中午,zhong1 wu3,Food,,,
kɔn213 kom21,cd910d611d6426ef.wav,動詞,吃晚飯,chi1 wan3 fan4,Food,,,
kɔn213 tia21 tshau24,40fac92815c90da6.wav,動詞,吃早飯,chi1 zao3 fan4,Food,,,
kɔp33,e153de4aadb82e67.wav,名詞,大青蛙、田雞,da4 qing1 wa1; tian2 ji1,Fauna,,,
kɔu21,41e7099d12c10b88.wav,名詞,東西,dong1 xi,Miscellaneous,,,
kɔŋ213,2a98207d371c4882.wav,名詞,缸,gang1,Material Culture,,,
kɔŋ213,1204ae7ada3b70b0.wav,形容詞,緊,jin3,Adjectives & Verbs,,,
kə44,d4ee11252261b93b.wav,代名詞,他3sg,ta1,Miscellaneous,,,
kən24 ɗai44 kun55,95702ddee3de69df.wav,代名詞,他們3pl,ta1 men0,Miscellaneous,,,
kən44,,名詞,辣,la4,Adjectives & Verbs,,lai,
kəu24,,數詞,九,jiu3,Miscellaneous,,,
kɛi213,c232e96ed324da08.wav,名詞,雞,ji1,Fauna,,,
kɛi213 saŋ213,,,野雞、雉,ye3 ji1; zhi4,,,,kɛi213
kua213 kam44,8c65aa6e348170bf.wav,名詞,苦瓜,ku3 gua1,Flora,,,
kai213 zin44,0622e9eb19941798.wav,名詞,雞蝨,ji1 shi1,Fauna,,,
kit55 kɔu21 saŋ213,,動詞,打獵,da3 lie4,Adjectives & Verbs,打山裡的東西,,
kua213 tɔi213,c915322614caae6f.wav,名詞,西瓜,xi1 gua1,Flora,,,
kuŋ213 hok21,c2ee4d0dedf2e215.wav,動詞,打雷,da3 lei2,Nature,/ kuŋ213/乃「雷神叫」,,
kuŋ55 ɗe213,5ab41ef48c220179.wav,名詞,男人,nan2 ren2,Kinship,,,
khiu44,d01b3b8be2e2193d.wav,名詞,橋,qiao2,Material Culture,,,
kho24,5135ee4d089c6ad5.wav,名詞,褲子,ku4 zi,Material Culture,,,
khuai24,,形容詞,快,kuai4,Adjectives & Verbs,,,
khuat55,21adcd71aefdbeb8.wav,形容詞,寬,kuan1,Adjectives & Verbs,,,
khɔm44,,名詞,淡水螃蟹,dan4 shui3 pang2 xie4,Fauna,,khɛi,
khɔn213,e7e2e6cd95ae6d0e.wav,形容詞,重,zhong4,Adjectives & Verbs,,,
khɔt55,1fc950e9eef01521.wav,形容詞,渴,ke3,Adjectives & Verbs,,,
khɛi21,,名詞,海水螃蟹,hai3 shui3 pang2 xie4,Fauna,,,
khɛi21,,動詞,騎,qi2,Adjectives & Verbs,,,
kho24 zua24,99caebdbb6ebfaff.wav,名詞,衣服,yi1 fu2,Material Culture,字面意涵為「褲子+上衣」,,
ɗak21 kho24 zua24,,,曬衣服,xi3 yi1 fu2,,,,kho24 zua24
ɗak33 kho24 zua24,6f4f6d699e833df3.wav,,洗衣服,xi3 yi1 fu2,,,,kho24 zua24
la24,,名詞,稻秧rice seedling,dao4 yang1,Flora,,,
lak33,,形容詞,深,shen1,Adjectives & Verbs,,,
lam44,7b3588adb89845d7.wav,形容詞,藍,lan2,Adjectives & Verbs,,,
lan213,0f6ee0620b20dfe1.wav,名詞,孫子、孫女,sun1 zi; sun1 nü3,Kinship,孫女亦作 lan213 mai21 lɛk33,,
lap55,,動詞,躺,tang3,Adjectives & Verbs,,,
lap55,,動詞,睡,shui4,Adjectives & Verbs,,,
lau21,07ca4b18fcb09ab3.wav,形容詞,老,lao3,Adjectives & Verbs,,,
lau24,1bb0826c3212be29.wav,動詞,編,bian1,Adjectives & Verbs,編（辮子）,,
laŋ213,,形容詞,黃,huang2,Adjectives & Verbs,,,
laŋ24,,名詞,斗笠、草帽,do3 li4; cao3 mao4,Material Culture,,,
lai44,83bcd55d48381fd6.wav,形容詞,辣,la4,Adjectives & Verbs,,kən,
lɛk33 kuŋ55 ɗe213,2e3d53a526a5519d.wav,名詞,男孩,nan2 hai2,Kinship,,,
li213,6e278d5fb2ec32f9.wav,名詞,梯子,ti1 zi,Material Culture,,,
li213,9dc6b44f295573b0.wav,動詞,流,liu2,Adjectives & Verbs,,,
li213 hɔn21,,,流汗,liu2 han4,,,,li213
li213 ŋuk21,,,流鼻涕,liu2 bi2 ti4,,,,li213
liam44,c66634d13b8ece1b.wav,形容詞,甜,tian2,Adjectives & Verbs,,,
liau21,,形容詞,多,duo1,Miscellaneous,,,
lim21,cae0ea6a6a06a9af.wav,動詞,舔,tian3,Adjectives & Verbs,,,
lok33,,數詞,六,liu4,Miscellaneous,,,
lok33 tɔp33,,數詞,六十.,,Miscellaneous,,,
lun24,0190e9944411b12f.wav,形容詞、動詞,熱hot; to heat up,re4; jia1 re4,Adjectives & Verbs,,,
lun24 tia21 lun24 sak55,8008f52b1a9784ef.wav,,熱飯熱菜,re4 fan4 re4 cai4,,,,lun24
lɔ24,,形容詞,近,jin4,Adjectives & Verbs,,,
lɔi213,09cafb17027aa036.wav,形容詞,長（距離、時間）、遠,chang2; yuan3,Adjectives & Verbs,,,
lɔi44,61192882eee3f46b.wav,名詞,犁,li2,Material Culture,,,
lɔŋ213,a57e79ab1de1b257.wav,名詞,鼓,gu3,Material Culture,,,
lɛ213,,名詞,蹄,ti2,Fauna,馬或豬的,,
lɛi24,539d18cde4d3ee6e.wav,形容詞,乾淨,gan1 jing4,Adjectives & Verbs,,,
ɓaŋ24,30251d3ccdaaf0e8.wav,,乾淨（另一種說法）,gan1 jing4,,,,lɛi24
lɛk33,f27d3f2af865897e.wav,名詞,兒子,er2 zi,Kinship,,,
lɛk33,,名詞,甥、姪,sheng1; zhi2,Kinship,,,
lɛk33 kɛi213,,名詞,小雞,xiao3 ji1,Fauna,,,
lɛk33 kiŋ24,,名詞,小指,xiao3 zhi3,Body Parts,,,
lɛk33 lak55,,名詞,孩子,hai2 zi,Kinship,,,
lɛk33 mai21 lɛk33,,名詞,女孩,nü3 hai2,Kinship,,,
lɛŋ2,6a6923ca3fc1fcbe.wav,形容詞,冷,leng3,Adjectives & Verbs,也作 nit21,,
liʔ55 ɓa213,,名詞,魚鱗,yu2 lin2,Fauna,,,
liap55 zam21,,動詞,閃電,shan3 dian4,Nature,,,
luk55 niaŋ44,,名詞,繭,jian3,Fauna,,,
ma213,b5363cf7c52b97aa.wav,名詞,狗,gou3,Fauna,,,
mai21,4d850e74d6f33e97.wav,名詞,母親,mu3 qin1,Kinship,,,
mai21 kuan44,9163b661f43d6aaa.wav,名詞,竹子,zhu2 zi,Flora,mai21 kuan44（比較長）、mai21 nom213（比較短）,,
mai21 kɛi213,2b96d25bb3b9c461.wav,名詞,母雞（下過蛋）,mu3 ji1,Fauna,,,
mai21 lɛk33,a687d172745881fd.wav,名詞,女兒,nü3 er2,Kinship,,,
mai21 lɛk33,789a26454da5c892.wav,名詞,女人,nü3 ren2,Kinship,,,
mai21 mat55,6896e85278681ea1.wav,名詞,跳蚤,tiao4 cao3,Fauna,,,
mai21 muʔ33,631b5808c9852aaf.wav,名詞,螞蟻,ma3 yi3,Fauna,,,
mai21 nuŋ44,e1367c485d8fc08f.wav,名詞,蚊子,wen2 zi,Fauna,,,
mai21 tshian213,d62b836910db5a51.wav,名詞,小青蛙,xiao3 qing1 wa1,Fauna,[tshian]或[tshien],,
mai21 tɔn24,,名詞,蛆,qü1,Fauna,,,
mai21 van24,cb74a85f97cddef2.wav,名詞,大葉榕,da4 ye4 rong2,Flora,,mai21 zɔi,
mai21 za21,3e197c54aa0c47e0.wav,名詞,野波羅,ye3 po1 luo2,Flora,林投（pandanus）,,
mai21 zɔi44,8717974bcbf06947.wav,名詞,小葉榕,xiao3 ye4 rong2,Flora,,mai21 van,
mai21 zɔp33,d2dbd1a3483dad89.wav,名詞,蜈蚣,wu2 gong1,Fauna,,,
mai21 ɓiŋ213,b24cab64f26915c2.wav,名詞,水蛭,shui3 zhi4,Fauna,,,
mai21 ɗak21,054f54042124d596.wav,名詞,螞蝗,ma3 huang2,Fauna,,,
mai24,baaededed919e613.wav,名詞,甘蔗,gan1 zhe4,Flora,,,
mak33,dcc8268860fa36b0.wav,名詞,果子、果實,guo3 zi、guo3 shi2,Flora,,,
mak33,,形容詞,聾,long2,Adjectives & Verbs,,,
mak33 ɓiaŋ213,cc35d33e5e9c7407.wav,名詞,楊桃,yang2 tao2,Flora,,,
mak33 kop33,29ced2fe085c9f6c.wav,名詞,南瓜,nan2 gua1,Flora,,,
mak33 mɛk33,,名詞,麥,mai4,Flora,,,
mak33 miat33,0bc0adb37c67bc97.wav,名詞,波羅蜜,buo1 luo2 mi4,Flora,[miat]或[miet],,
mak33 mɔn44,bad63c1777189d71.wav,名詞,香蕉,xiang1 jiao1,Flora,,,
mak33 ŋok33,50d2754a9eaeab9c.wav,名詞,柚子,yo4 zi,Flora,,,
mak33 vɔŋ44,55713c46ff8caafd.wav,名詞,芝麻,zi1 ma2,Flora,,,
mak33 zia44,,名詞,椰子,ye2 zi,Flora,,,
man55,58aeca6ec1339b54.wav,數詞,萬,wan4,Miscellaneous,,,
mat33,,名詞,土,tu3,Nature,,,
maŋ213,89f1fe6489fa7d21.wav,名詞,水溝、河、溪,shui3 gou1; he2; xi1,Nature,,,
maʔ33,0df90e1e78ba0265.wav,名詞,馬,ma3,Fauna,,,
miu213,90e83b549953ed0e.wav,名詞,貓,mao1,Fauna,,,
miŋ33 ki33 zou44,,名詞,蜘蛛,zhi1 zhu1,Fauna,,,
miŋ44,fab0b0633fec0533.wav,名詞,蟲,chong2,Fauna,,,
miŋ44 ɗip55 lɔi21,1362396e6b89903a.wav,名詞,螢火蟲,ying2 huo3 chong2,Fauna,和眨or閉不同音,,
miŋ44 hit55,8aecc1c3fdd2e428.wav,名詞,蚱蜢、蝗蟲,zha4 meng3; huang2 chong2,Fauna,,,
miŋ44 khi24 lap21,8bb77ecccc6c962a.wav,名詞,蟑螂,zhang1 lang2,Fauna,,,
miŋ44 la33 liʔ55,,名詞,毛毛蟲,mao2 mao2 chong2,Fauna,,,
miŋ44 vaŋ21,94a34a14d6a317c8.wav,名詞,蒼蠅,chang1 ying2,Fauna,,,
miŋ44 vaŋ21 tɛi24,,名詞,牛虻,niu2 mang2,Fauna,,,
miŋ44 via21,95a7460d7567210f.wav,名詞,蝴蝶,hu2 die2,Fauna,,,
mu213,d00f8f4019ca5c80.wav,名詞,豬,zhu1,Fauna,,,
mu213 saŋ(2)13,,,野豬,ye3 zhu1,,,,mu213
mu213,0f7d3f3ccb586860.wav,動詞,坐,zuo4,Adjectives & Verbs,,,
mu213 zoŋ44,,,坐下,zuo4 xia4,,,,mu213
muŋ21,f44a0a86ae66922d.wav,名詞,稻草,dao4 cao3,Flora,,,
mɔ44,a3059630283e44dc.wav,名詞,手,shou3,Body Parts,,,
mɔ44,278c8b50a9134f5e.wav,代名詞,你2sg,ni3,Miscellaneous,,,
mɔk33,a3d441ee1010fa40.wav,名詞,稻穀、榖粒,dao4 gu3; gu3 li4,Flora,,,
mɔŋ21,06079a1f1e4e527f.wav,動詞,看（電視）,kan4,Adjectives & Verbs,,,
mɛ213,b2a3702d2c443fe8.wav,動詞,爬（樹）,pa2,Adjectives & Verbs,,,
mɛ213 ɗɔn24,fb1b98b5c48d5fce.wav,,爬樹,pa2 shu4,,,,mɛ213
mɛ213 saŋ213,6a06abdbd6862227.wav,,爬山,,,,,mɛ213
mɛ213,0a53984ecb5670bc.wav,動詞,爬（在地上爬）to crawl,pa2 (zhai4 di4 shang4 pa2),Adjectives & Verbs,,,
mai21 zi44,58410db2abad3231.wav,名詞,老鼠,lao3 shu3,Fauna,,,
mak33 hat55,,名詞,星星,xing1 xing1,Nature,,,
mak33 kup55,9060d69098ef6b44.wav,名詞,冬瓜,tong1 gua1,Flora,,,
mak33 lɔk55,709cd5a546c593a8.wav,名詞,花生,hua1 sheng1,Flora,,,
mak33 mɔi213,fa7feeffad2aaa68.wav,名詞,梭子,suo1 zi0,Material Culture,捲線器,,
mak33 phun21,541b94f14d82bb87.wav,名詞,龍眼,long2 yan3,Flora,,,
mak33 zan21,50939bf420c584a8.wav,名詞,茄子,qie2 zi,Flora,,,
mak33 zia24 kuaŋ24,,名詞,鳳梨,feng4 li2,Flora,,,
min44 phai24,008126f1012f684e.wav,名詞,棉花,mian2 hua1,Flora,也作 min44 phai24,,
mit33 ŋau21,76cac557c1adbbc6.wav,名詞,鐮刀,lian2 dao1,Material Culture,,,
mɔ44 mai44,45488951fa0d420b.wav,方位詞,右邊,yiu4 bian1,Directions,好手,,
mɔ44 ŋɔŋ24,ccc9f3f9facef75b.wav,方位詞,左邊,zuo3 bian1,Directions,笨手,,
na213,19e53ee3b15bf314.wav,形容詞,厚,hou4,Adjectives & Verbs,,,
na24,970f3fb38fef5102.wav,名詞,臉,lian3,,,,
nai24,2c2ad9eb809e876f.wav,動詞,借,jie4,Adjectives & Verbs,,,
nam21,34b76bbceb775d89.wav,名詞,水,shui3,Nature,,,
nam21 mai44,a00f994f9f150b4e.wav,名詞,口水,kou3 shui3,Body Parts,,,
nam21 tia21,479f4852efd21713.wav,名詞,稀飯,xi1 fan4,Food,,,
nam213,93c9baa2cb20371e.wav,名詞,蛋,jdan4,Food,,,
nam213 kɛi213,,,雞蛋,ji1 dan4,,,,nam213
nan21,e4ccc37110f853c1.wav,名詞,肉,rou4,Food,,,
nap21,,名詞,稻殼,dao4 ke2,Flora,亦同「鱗」,,
nau21,3ee932d17c7b9163.wav,形容詞,新,xin1,Adjectives & Verbs,,,
naŋ213,1ce73e255d65efa3.wav,名詞,皮膚,pi2 fu1,Body Parts,,,
naŋ44,f2cacb7f3749445a.wav,名詞,竹筍,zhu2 sun3,Flora,,,
nian213,38d59eb8ced68f90.wav,名詞,妻子,qi1 zi3,Kinship,[nien],,
nian213 mɛi21,1efb5337822ed8af.wav,名詞,姨（比媽媽年幼）,yi2,Kinship,[nien],,
nia44,,名詞,水田,shui3 tian2,Flora,水田亦作 nia44 nam21,,
zom213 nia44,,,種田,zhong4 tian2,,,,nia44
nia44,a8f7c44b8595e055.wav,動詞,來,lai2,Adjectives & Verbs,,,
niaŋ44,851f01438b9251bf.wav,名詞,蠶,can2,Fauna,,,
nia44 ziaŋ24,,名詞,旱田；山坡地,han4 tian2; shan1 po1 di4,Flora,,,
nip55,850c36e7b5f0b346.wav,動詞,閉（眼）,bi4,Adjectives & Verbs,,,
nip55 ɗa213,f3fbf7080a181c02.wav,,閉眼,bi4 yan3,,,,nip55
niu24,d4a5a7eab4610948.wav,動詞,聞,wen2,Adjectives & Verbs,,,
niʔ55,f6e13f30cbac062f.wav,形容詞,小,xiao3,Adjectives & Verbs,,,
nok33,27b50a36e4f76448.wav,名詞,鳥,niao3,Fauna,,,
nok33 kak55,,名詞,雁,yan4,Fauna,,,
nok33 ko21 miu213,eed3bfa9a8b03020.wav,名詞,貓頭鷹,mao1 tou2 ying1,Fauna,,,
nom44,22cecbc67540413e.wav,方位詞,南,nan2,Directions,,,
not55,bbc89346b01c998c.wav,形容詞,肥胖,fei2 pang4,Adjectives & Verbs,,,
noŋ21,58c8c0bf3c54b6e0.wav,名詞,妹、弟,mei4; di4,Kinship,弟弟亦作 tok55；妹妹亦作 ko213,,
nɛʔ55 tsho24,fb3d855adfd18821.wav,名詞,（外）曾祖母,(wai4) zeng1 zu3 mu3,Kinship,,,
nia44 haŋ213,,名詞,旱田；山坡地,han4 tian2; shan1 po1 di4,Flora,,,
nok33 tshiu24,caebd36c1dd14937.wav,名詞,燕子,yan4 zi,Fauna,也作 tsheu24 tɛŋ213,,
nɔ24,cba529315b18d2d9.wav,形容詞,尺寸大,chi3 cun4 da4,Adjectives & Verbs,,so,
nam44,98bd6afa8362bd66.wav,動詞,舂,chong1,Adjectives & Verbs,,,
nam44 zap33 ; ɗoi24 zap33,98bd6afa8362bd66.wav,,舂米(=舂稻穀),chong1 mi3,,,,nam44
niu24,8ca8eea4be94dfb6.wav,形容詞,枯萎,ku1 wei1,Adjectives & Verbs,,,
nok33 ɗuk33,04fe1d0ade5ad624.wav,名詞,松鼠,song1 shu3,Fauna,,,
nok33 khit55,,名詞,蝙蝠,bian1 fu2,Fauna,,,
nok33 khok55,,名詞,癩蝦蟆,lai4 ha2 ma,Fauna,,,
nok33 san33 hɔu44,dae30345eae91597.wav,名詞,麻雀,ma2 que4,Fauna,,,
ŋai24,2778c34dd0991105.wav,動詞,哭,ku1,Adjectives & Verbs,,,
ŋai44,bb73dbc8fa9d6d11.wav,名詞,乾飯,gan1 fan4,Food,,,
ŋau21,1ca702b9844a7302.wav,名詞,稻,dao4,Flora,,,
ŋau24,8778162824ea38fd.wav,形容詞,熟ripe,shou2,Adjectives & Verbs,,,
ŋau44,,動詞,搖晃,yao2 huang4,Adjectives & Verbs,,,
ŋia44,,名詞,蛇,she2,Fauna,,,
ŋit33,,名詞,月份,yue4 fen4,Time,,,
ŋo21,,數詞,五,wu3,Miscellaneous,,,
ŋuk33,86ffd40f8aaec790.wav,名詞,鼻涕,bi2 ti4,Body Parts,,,
li213 ŋuk33,f4cf23280b4c769b.wav,,流鼻涕,liu2 bi2 ti4,,,,ŋuk33
ŋəu44,,名詞,黃牛,huang2 niu2,Fauna,,,
ŋɛi21,,數詞,（二十）二,er4,Miscellaneous,ŋɛi21 是序詞、ɓun55 是量詞,,
phan213 tshiu213,c76d1eca7c299969.wav,名詞,辣椒,la4 jiao1,Flora,,,
pha24,ab8a334ad9ce78f9.wav,名詞,天sky,tian1,Nature,,ɗa33 pha,
pha44,,名詞,耙,pa2,Material Culture,sɛŋ213 鐵的、曬稻穀用的; pha44耙地的,,
phai21,21f502b44de6b30f.wav,形容詞,"壞rotten, broken",huai4,Adjectives & Verbs,,,
phiak33,,形容詞,白,bai2,Adjectives & Verbs,,,
phiŋ213,2580d026ca84020e.wav,動詞,縫,feng2 ren4,Adjectives & Verbs,,,
phiʔ55,83ecd3fd624e1851.wav,動詞,吐,tu4 (to spit),Adjectives & Verbs,,,
phun21,,動詞,捧,peng3,Adjectives & Verbs,,,
phun21,e6ad790f1a8fa8cb.wav,名詞,鵝,e2,Fauna,,,
ɓən21 ha33,,,鵝叫,e2 jiao4,,,,phun21
phɔ21,0bee93af8da13014.wav,動詞,還,huan2,Adjectives & Verbs,,,
phɔk55,,形容詞,瞎,xia1,Adjectives & Verbs,,,
phɔn213,9f176e8fa21056f2.wav,名詞,雨,yu3,Nature,,,
ɗok55 phɔn213,d485ad99c9f0c03f.wav,,下雨,xia4 yu3,,,,phɔn213
ɗok55 phɔn213 mak33 hat55,9f374a5bca377da0.wav,,下冰雹,xia4 bing1 bao4,,,,phɔn213
phɛʔ33,f70d80fff15c9458.wav,動詞,掏,tau1,Adjectives & Verbs,,,
phɔn213 mak33 hat55,96ed3371ab418beb.wav,名詞,冰雹,bing1 bao2,Nature,,,
ɗok55 phɔn213 mak33 hat55,9f374a5bca377da0.wav,,下冰雹,xia4 bing1 bao2,,,,phɔn213 mak33 hat55
sa213,66333e8b8855837e.wav,名詞,耳朵,er3 duo1,Body Parts,,,
sa213,31d146eaf6892bd1.wav,動詞,種（花、草、菜）,chong4,Adjectives & Verbs,,,
sa213 sak33,,,種菜,zhong4 cai4,,,,sa213
sa213 mak33 lɔk55,31d146eaf6892bd1.wav,,種花生,,,,,sa213
sa213 kua213 tɔi213,01ffe56be331ee3f.wav,,種西瓜,,,,,sa213
sa44,1ca7260c827c033d.wav,名詞,茶,cha2,Food,,,
sai213,245430e710a286f9.wav,名詞,月亮,yue4 liang4,Nature,,,
sak21,8c6a74c47590fc35.wav,名詞,芋頭,yu4 tou2,Flora,,,
sak55,,名詞,菜,cai4,Food,,,
sau24,741617af4bbcd825.wav,動詞,狗吠,gou3 fei4,Fauna,,,
saŋ213,6a7f197aa17a4df2.wav,名詞,山,shan1,Nature,,,
saŋ24,00144972575b08bb.wav,名詞,蜜蜂,mi4 feng1,Fauna,,,
saŋ55 kɔ24,9a8793e73528dab2.wav,動詞,唱歌,chang4 ge1,Adjectives & Verbs,,siaŋ24 hɛi,
saʔ55,4946ecbeeab61afa.wav,名詞,藤,teng2,Flora,,,
siaŋ24 hɛi24,a22c4911a2d77b3a.wav,動詞,唱戲,chang4 xi4,Adjectives & Verbs,,saŋ55 kɔ,
sum213,0a706c3ce72c2f62.wav,形容詞,瘦,shou4,Adjectives & Verbs,,,
sɔn213,04c4334859f9501e.wav,名詞,路,lu4,Material Culture,,,
sɔt55,,數詞,七,qi1,Miscellaneous,,,
sɛ21,d07a356e08ff3ce0.wav,動詞,踩,cai3,Adjectives & Verbs,/ɗɔk21/為「 踩踏加摩擦」,,
sɛi44,6d69c1f95ad667a3.wav,形容詞,慢,man4,Adjectives & Verbs,,,
sɛk55,25b8eedb9f495bd4.wav,名詞,書,shu1,Material Culture,,,
sak55 ɓoŋ24,5494090455576dcc.wav,名詞,空心菜,kong1 xin1 cai4,Flora,,,
so213,a4e073d38ae0b6d5.wav,形容詞,年紀大,nian2 ji4 da4,Adjectives & Verbs,,nɔ,
sɔn213 nɔu44,f9eee1cc89621eaa.wav,名詞,蚯蚓,qiu1 yin3,Fauna,前字是「路」的意思,,
tsham33 tshu44 moi213,,名詞,玉米,yu4 mi3,Flora,,,
tshau24,8c4144d6397ad091.wav,形容詞,早,zao3,Time,,,
ɗa213 tshau24,8c4144d6397ad091.wav,,早上,zao3 shang4,,,,tshau24
tshe24,426e53cf891a077f.wav,名詞,姐,jie3,Kinship,,,
tshiam44,,名詞,蝦,xia1,Fauna,,,
tshik55,6e07ff7f1d9c73b6.wav,動詞,烤to roast,kao3,Adjectives & Verbs,,,
tshok33,62006d1f69846bff.wav,名詞,鹿,lu4,Fauna,,,
tshom21,,形容詞,"壞bad, not good",huai4,Adjectives & Verbs,,,
tshuk55,395720e2a438f91d.wav,形容詞,累,lei4,Adjectives & Verbs,亦作 nuai24,,
tshɛk55,55381b2477b6a86c.wav,形容詞,窄,zhai3,Adjectives & Verbs,,,
tshian213 ɗuŋ213,68cb4c5c6cf9e6a6.wav,名詞,蝌蚪,ke1 dou3,Fauna,可唸作[tshian]或[tshien],,
tshut33 ŋuk33,5c1eebd1406bc41c.wav,名詞,雞距（雄雞的後爪、短而銳利）,ji1 jü4,Fauna,又唸作thut33 ŋuk33,,
tshɛʔ33,d13e2beff1448fd5.wav,動詞,叫人安靜,jiao4 ren2 an1 jing4,Adjectives & Verbs,,,
ta21,dbad267eaeb095f8.wav,動詞,背to carry on the back,be1,Adjectives & Verbs,,,
tam213,,數詞,三,san1,Miscellaneous,,,
tan213,aec1330e3e983439.wav,動詞,回答,hui2 da2,Adjectives & Verbs,,,
tan213,,動詞,鳴、啼叫,ming2; ti2 jiao4,Adjectives & Verbs,SV,,
kɛi21(3) tan21(3),,,雞鳴,ji1 ming2,,,,tan213
taŋ213,cc4bed75ba191cde.wav,名詞,沙,sa1,Nature,,,
ti213,,名詞,絲,si1,Material Culture,,,
ti213,9c2c23f8a4642c02.wav,名詞,字,zi4,Material Culture,,,
tia24,493bab025a3bde0a.wav,動詞,寫,xie3,Adjectives & Verbs,,,
tia24 ti213,96d66d9a9477de01.wav,動詞,寫字,xie3 zi4,Adjectives & Verbs,,,
tiaŋ21,c74ec9048917c051.wav,動詞,養,yiang3,Adjectives & Verbs,,,
tin24,,名詞,魚鉤,yu2 gou1,Material Culture,,,
tiu24,,名詞,雞冠,ji1 guan4,Fauna,,,
tiu24,32292313e2a6ffa8.wav,形容詞,少,shao3,Miscellaneous,,,
tiu44,4b857cc900b075ab.wav,動詞,繡,xiu4,Adjectives & Verbs,,,
tu44,c1500a31cea280bc.wav,代名詞,你們2pl,ni3 men,Miscellaneous,也作 tu44 ɗai44 kun55,,
tuan24,81c423e871e6cd05.wav,動詞,數（數）,shu3,Adjectives & Verbs,,,
tuk55,10d8d9a3ed6256a4.wav,動詞,洗（頭、衣服）,xi3,Adjectives & Verbs,,ɗak,
tuk55 kok55,862a2192c8173e2c.wav,,洗腳,xi3 jiao3,,,,tuk55
tuk55 hau24,b468ab5f2b759410.wav,,洗頭,xi3 shou3,,,,tuk55
tuk55 mɔ44,dc0cc4313cc016a8.wav,,洗手,xi3 shou3,,,,tuk55
tuk55 liaŋ44,94e4dab401397082.wav,,洗澡,xi3 zao3,,,,tuk55
tum21,321814dd18afa7b6.wav,形容詞,軟,ruan3,Adjectives & Verbs,亦作 nun21 像豆腐,,
tuʔ55,,名詞,尾巴,wui3 ba1,Fauna,,,
tɔi213,,方位詞,西,xi1,Directions,,,
tɔi24,9bb70cf75d380578.wav,動詞,問,wen4,Adjectives & Verbs,,,
tɔm44,d3e5609bba1aca10.wav,動詞,摸,mo1,Adjectives & Verbs,,,
tɔn213,,名詞,牙齒,ya2 chi3,Body Parts,,,
tɔp21 ko33,,數詞,十九,shi2 jiu3,Miscellaneous,,ko,
tɔp33,d8d44405af95d443.wav,數詞,十,shi2,Miscellaneous,,,
tɛi21,,名詞,蓑衣,suo1 yi1,Material Culture,,,
tɛi24,27aaad3c571328d1.wav,名詞,水牛,shui3 niu2,Fauna,,,
tɛi24,,數詞,（第）四,(di4) si4,Miscellaneous,第四名作 ti24,,
tɔn213 ma213,,名詞,犬齒,quan3 chi3,Body Parts,,,
tɔn213 na24,1531fea2c5a4aa0f.wav,名詞,門牙,men2 ya2,Body Parts,,,
tɔn213 phɔŋ213,db1965ed4e40c9e3.wav,名詞,臼齒,jiu4 chi3,Body Parts,,,
tɔp33 ɓiat21,,數詞,（十）八,(shi2) ba1,Miscellaneous,[ɓiet],,
tɔp33 ŋo21,,數詞,（十）五,(shi2) wu3,Miscellaneous,tɔp33 是10、ŋo21是5,,
tɔp33 ti24,,數詞,十四,(shi2) si4,Miscellaneous,,,
va44,,名詞,腿,tui3,Body Parts,,,
mak33 va44,,,大腿,da4 tui3,,,,va44
van24,750e4971a1207a42.wav,名詞,風,feng1,Nature,,,
vau44,3407be6fc661d4d6.wav,名詞,角,jiao3,Fauna,,,
vaŋ21,40a14c61c7c1b805.wav,名詞,小米,xiao3 mi3,Flora,,,
vo55,453828b65473c1af.wav,名詞,姑姑（比爸爸年長）,gu1 gu1,Kinship,,,
vui44,efb16db56024bcf1.wav,名詞,地瓜,di4 gua1,Flora,或作 vui44 phan213,,
vɔ21,,名詞,米（不帶殼）,mi3,Flora,,,
vɔ21,fd65ae483480fe87.wav,名詞,細糠,xi4 kang1,Flora,,,
vɔ24,10053eaaa1607dc9.wav,名詞,村子,cun1 zi1,Material Culture,,,
vɔn44,5e4bf240c25e56a6.wav,名詞,毛、羽毛,mao2; yu3 mao2,Fauna,,,
vɔn44,6410309dc6c67103.wav,名詞,天、日子day,tian1; ri4 zi,Time,,,
vɔt55,8045c2f5216a180f.wav,動詞,擰（毛巾）,ning3,Adjectives & Verbs,,,
vɔu21,63cdf7f92f466064.wav,動詞,吹,chue1,Adjectives & Verbs,,,
vɔu21 van24,,動詞,吹風,chue1 feng1,Adjectives & Verbs,意同「吹口哨」,,
vən44,c2ad152d6f0fa9c7.wav,名詞,種子,zhong3 zi3,Flora,,,
vən44,c16971957f2c4486.wav,名詞,夢,meng4,Miscellaneous,,,
vɛi44,d0f73d2431e41c79.wav,名詞,火,huo3,Nature,,,
vən44,381063885f5250a0.wav,,柴,,,,,vɛi44
vɛi44,96ccb67d9f572262.wav,名詞,年,nian2,Time,,,
vɛi44 na24,ac5002eeb73c32ed.wav,時間副詞,明年,ming2 nian2,Time,,,
vɛi44 neʔ21,6d806d0adfa71014.wav,時間副詞,今年,jin1 nian2,Time,,,
vən44 sɔu24,61644b92c6cd4e13.wav,名詞,頭髮,tou2 fa3,Body Parts,,,
vɔn44 hin213,5e824e3cfa0bbc36.wav,時間副詞,前天,qian2 tian1,Time,,,
vɔn44 ne21,f99e82ec9d9a2427.wav,時間副詞,今天,jin1 tian1,Time,,,
vɔn44 tshɛk33,b38e64bb0ee79391.wav,時間副詞,明天,ming2 tian1,Time,,,
vɔn44 zɛŋ24,2465563858f456ba.wav,時間副詞,大前天,da4 qian2 tian1,Time,,,
vok33,40df184d82e70eba.wav,動詞,除（草）to weed,chu4 (cao3),Adjectives & Verbs,用手拔草,,
vok33 ɓat55,,,除草,,,,,vok33
za44,1e0f40275e80cc6b.wav,代名詞,我1sg,wo3,Miscellaneous,,,
zak55,f6f147fc42b9d3a2.wav,形容詞,餓,e4,Adjectives & Verbs,,,
zam213,501f05ac40d5d4af.wav,形容詞,黑、暗,hei1; an4,Adjectives & Verbs,,,
zan24,ff711daf252653a1.wav,名詞,酒,jiu3,Food,,,
zan24 ɗɛk21,,名詞,織布機,zhi1 bu4 ji1,Material Culture,,,
zan44,7cb3f492f9f510bd.wav,名詞,房屋,fang2 wu1,Material Culture,,,
zaŋ213,eeb75018c884c26d.wav,名詞,井,jing3,Material Culture,,,
zaŋ24,4b09182bfccb71ee.wav,形容詞,鹹,xian2,Adjectives & Verbs,,,
zaŋ24,7ac74746c0e409df.wav,動詞,醃,yan1,Adjectives & Verbs,,,
zi213,b6e74c919be253b8.wav,形容詞,空,kong1,Adjectives & Verbs,,,
ziam213,c8490632d024baae.wav,動詞,染,ran3,Adjectives & Verbs,,,
ziau44,de28f3bbcf2dc239.wav,動詞,笑,xiao4,Adjectives & Verbs,,,
ziaŋ24,56b8e165622aa51a.wav,形容詞,乾,gan1,Adjectives & Verbs,,,
zip33,3f8eeac09844449d.wav,名詞,指甲,zhi3 jia3,Body Parts,,,
zip33 mɔ44,,,手指甲,shou3 zhi3 jia3,,,,zip33
zip33 kok55,,,腳指甲,jiao3 zhi3 jia3,,,,zip33
ziu21,,名詞,蓆子,xi2 zi,Material Culture,,,
zua213,1c3d0e02726e8b0b.wav,名詞,老虎,lao3 hu3,Fauna,,,
zua44,a0162ae982b0440f.wav,名詞,船,chuan2,Material Culture,,,
zuaʔ55,775b9837ab9676b7.wav,形容詞,硬,ying4,Adjectives & Verbs,,,
zuk33,,名詞,窩、巢,wuo1; chao2,Fauna,,,
zun213,5560495d7550c59d.wav,動詞,站,zhan4,Adjectives & Verbs,,,
zɔp55,9cb2236aa0cd4216.wav,形容詞,生,sheng1,Adjectives & Verbs,,,
zɔu213,,動詞,叫,jiao4,Adjectives & Verbs,,,
zɔŋ44,73a155dfe354ec31.wav,名詞；動詞,篩子；篩,shai1 zi0; shai1,Adjectives & Verbs,,,
zan44 ŋua21,1268580bd20517b0.wav,名詞,瓦房,wa3 fang2,Material Culture,,,
zan44 tia44,9de92314ece7fd7b.wav,名詞,茅草房,mao2 cao3 fang2,Material Culture,,,
zap33 nau213,06d9520a980fd8ea.wav,名詞,糯米,nuo4 mi3,Flora,,,
ziau24 kɛi213,,名詞,雞爪,ji1 zhua3,Fauna,,,
zom213 nia44,d9f42d20b31bcb4c.wav,動詞,種（稻）=插秧,zhong4 dao4; cha1 yang1,Adjectives & Verbs,種=zom213,,
